x,t,b,n,t,e,l,u,b,n,s,p,y,z,l,g,f,q,y,d
j,o,k,j,e,c,d,m,n,j,v,l,u,n,p,t,b,j,h,u
i,n,y,v,r,s,f,m,e,b,s,o,w,y,a,z,u,t,b,e
p,e,g,s,f,y,f,n,y,d,n,o,a,x,q,b,s,j,s,k
f,h,l,a,k,r,h,m,n,z,l,a,f,f,u,c,l,b,s,x
l,c,h,j,a,a,p,h,y,r,e,z,v,d,b,r,c,a,w,h
y,b,s,t,b,c,s,v,u,l,u,y,f,v,c,h,a,x,f,i
c,m,y,n,o,u,l,e,t,b,z,g,x,s,j,o,k,j,t,k
y,o,f,c,n,s,r,s,x,l,b,x,m,k,o,m,p,v,x,a
k,n,c,o,i,e,e,i,b,i,y,k,z,c,c,a,k,u,v,t
f,t,o,i,w,l,p,r,q,p,y,n,h,c,u,s,d,k,i,k
l,x,z,x,k,k,i,n,o,o,j,r,e,w,s,a,j,j,k,p
p,y,i,j,w,t,a,f,c,w,c,e,q,y,x,c,u,a,s,p
s,y,j,i,r,g,p,m,h,e,s,t,i,c,f,q,y,c,q,a
w,d,i,o,t,a,m,s,t,h,d,g,a,a,v,q,o,u,p,s
u,v,j,l,s,o,h,k,c,d,u,y,b,z,v,f,k,f,p,p
w,e,o,t,b,i,t,d,u,l,h,d,a,y,l,b,v,z,w,a
e,b,j,c,c,w,d,z,i,v,o,a,k,m,l,j,v,s,n,o
y,v,m,x,d,o,g,l,f,o,l,h,o,v,k,p,z,n,g,f
p,w,o,t,w,p,i,s,v,e,b,a,r,d,e,m,e,w,p,c